period,confidence,unit,source,value,prev_value,growth_rate
2022,11.8,Unknown,goog-10-k-2024.pdf,39999.19491525424,,
2023,232.7,Unknown,goog-10-k-2024.pdf,6169089994.634723,39999.19491525424,154229.35407850312
2024,218.7,Unknown,goog-10-k-2024.pdf,7155457000.418153,6169089994.634723,0.15988857459386663
unknown,80.0,Unknown,goog-10-k-2024.pdf,9752991900.6,7155457000.418153,0.3630145356236579
